sender,receiver,ligand,receptor,score_classical,gat_sim,score,z_score,fdr
0,0,GENE_01233,GENE_02241,0.9631841194904744,1.0000001192092896,1.9263683538014436,0.09099224249153974,1.0
0,1,GENE_01233,GENE_02241,0.9816462056122206,0.9988289475440979,1.962142852024532,-299.57882125132807,1.0
0,2,GENE_01233,GENE_02241,0.9650404548477307,0.9993154406547546,1.9294202822335556,-112.32307033697873,1.0
0,3,GENE_01233,GENE_02241,0.9193457468138155,0.9978244304656982,1.8366913930293731,-76.10267061547528,1.0
0,4,GENE_01233,GENE_02241,0.9779869840163006,0.9992010593414307,1.955192614467519,-118.80005781029205,1.0
0,5,GENE_01233,GENE_02241,1.0341797457117166,0.9927322864532471,2.0608433692757466,-153.6492494033615,1.0
1,0,GENE_01233,GENE_02241,0.9358558008065395,0.9988289475440979,1.8706156653791743,-299.57882125132807,1.0
1,1,GENE_01233,GENE_02241,0.9537940641586866,1.0000001192092896,1.907588242018486,0.09353658071627739,1.0
1,2,GENE_01233,GENE_02241,0.9376594665617948,0.9987845420837402,1.874179247502201,-188.21880430207423,1.0
1,3,GENE_01233,GENE_02241,0.8932612495289779,0.9986039400100708,1.7852754527669343,-50.02198825239195,1.0
1,4,GENE_01233,GENE_02241,0.950238665260717,0.9998115301132202,1.9002982391477785,-23.729185998278307,1.0
1,5,GENE_01233,GENE_02241,1.0048370758157144,0.9859763383865356,1.9955826565035262,-298.53014473761243,1.0
2,0,GENE_01233,GENE_02241,0.9470788550556206,0.9993154406547546,1.8935093784303287,-112.32307033697873,1.0
2,1,GENE_01233,GENE_02241,0.9652322392656626,0.9987845420837402,1.9292912793650805,-188.21880430207423,1.0
2,2,GENE_01233,GENE_02241,0.9489041508938447,0.9999999403953552,1.8978082452285947,-0.07471019371153047,1.0
2,3,GENE_01233,GENE_02241,0.9039734975627303,0.999411404132843,1.8074149200607756,-17.665789190956797,1.0
2,4,GENE_01233,GENE_02241,0.96163420299271,0.9985918998718262,1.9219143287409295,-141.28351045282983,1.0
2,5,GENE_01233,GENE_02241,1.016887373525734,0.990939736366272,2.0245614793615156,-192.7659574857351,1.0
3,0,GENE_01233,GENE_02241,0.9903251124305618,0.9978244304656982,1.9784957037174655,-76.10267061547528,1.0
3,1,GENE_01233,GENE_02241,1.0093074307062129,0.9986039400100708,2.0172058076908788,-50.02198825239195,1.0
3,2,GENE_01233,GENE_02241,0.9922337563587406,0.999411404132843,1.9838834880292346,-17.665789190956797,1.0
3,3,GENE_01233,GENE_02241,0.9452514443007848,0.9999999403953552,1.8905028322601931,-0.07350642038787786,1.0
3,4,GENE_01233,GENE_02241,1.0055450980793992,0.9979414343833923,2.0090202155939436,-67.0834451919,1.0
3,5,GENE_01233,GENE_02241,1.0633212822146143,0.9867527484893799,2.1125564799671364,-178.93364917009805,1.0
4,0,GENE_01233,GENE_02241,0.9604610578780381,0.9992010593414307,1.920154764365965,-118.80005781029205,1.0
4,1,GENE_01233,GENE_02241,0.9788709489967872,0.9998115301132202,1.9575574102966449,-23.729185998278307,1.0
4,2,GENE_01233,GENE_02241,0.9623121451052133,0.9985918998718262,1.9232692583555608,-141.28351045282983,1.0
4,3,GENE_01233,GENE_02241,0.9167466226577512,0.9979414343833923,1.831606062238958,-67.0834451919,1.0
4,4,GENE_01233,GENE_02241,0.9752220725525963,1.0,1.9504441451051926,-0.013887533519444564,1.0
4,5,GENE_01233,GENE_02241,1.0312559691367909,0.9875062704086304,2.049627705055701,-256.92405883004614,1.0
5,0,GENE_01233,GENE_02241,0.8975597540023135,0.9927322864532471,1.788596300821444,-153.6492494033615,1.0
5,1,GENE_01233,GENE_02241,0.9147639677580075,0.9859763383865356,1.8166995951759868,-298.53014473761243,1.0
5,2,GENE_01233,GENE_02241,0.8992896121601558,0.990939736366272,1.7904314233510676,-192.7659574857351,1.0
5,3,GENE_01233,GENE_02241,0.8567082094229255,0.9867527484893799,1.7020673897244125,-178.93364917009805,1.0
5,4,GENE_01233,GENE_02241,0.9113540589264423,0.9875062704086304,1.8113219066786606,-256.92405883004614,1.0
5,5,GENE_01233,GENE_02241,0.9637182542484427,1.0000001192092896,1.9274366233810538,0.10102980698524008,1.0
0,0,GENE_16765,GENE_07293,0.9733233006809537,1.0000001192092896,1.9466467173910866,0.09099224249153974,1.0
0,1,GENE_16765,GENE_07293,0.9758747788545823,0.9988289475440979,1.950606757152734,-299.57882125132807,1.0
0,2,GENE_16765,GENE_07293,0.9693435630626742,0.9993154406547546,1.9380235529305005,-112.32307033697873,1.0
0,3,GENE_16765,GENE_07293,0.982854733926633,0.9978244304656982,1.963571199037491,-76.10267061547528,1.0
0,4,GENE_16765,GENE_07293,0.9953180441421935,0.9992010593414307,1.9898408882307141,-118.80005781029205,1.0
0,5,GENE_16765,GENE_07293,0.9426102176657587,0.9927322864532471,1.8783698142832803,-153.6492494033615,1.0
1,0,GENE_16765,GENE_07293,0.9778199455301957,0.9988289475440979,1.9544948126117483,-299.57882125132807,1.0
1,1,GENE_16765,GENE_07293,0.9803832112477774,1.0000001192092896,1.960766539366341,0.09353658071627739,1.0
1,2,GENE_16765,GENE_07293,0.9738218219689821,0.9987845420837402,1.9464600044954257,-188.21880430207423,1.0
1,3,GENE_16765,GENE_07293,0.9873954129320285,0.9986039400100708,1.973412362633823,-50.02198825239195,1.0
1,4,GENE_16765,GENE_07293,0.9999163022476126,0.9998115301132202,1.9996441503829514,-23.729185998278307,1.0
1,5,GENE_16765,GENE_07293,0.9469649715046364,0.9859763383865356,1.880650026689088,-298.53014473761243,1.0
2,0,GENE_16765,GENE_07293,0.9456367745657251,0.9993154406547546,1.8906262046402136,-112.32307033697873,1.0
2,1,GENE_16765,GENE_07293,0.9481156750387714,0.9987845420837402,1.8950789553747869,-188.21880430207423,1.0
2,2,GENE_16765,GENE_07293,0.9417702419939323,0.9999999403953552,1.883540427853984,-0.07471019371153047,1.0
2,3,GENE_16765,GENE_07293,0.9548970828159508,0.999411404132843,1.9092321171553959,-17.665789190956797,1.0
2,4,GENE_16765,GENE_07293,0.9670058697569488,0.9985918998718262,1.9326500984247479,-141.28351045282983,1.0
2,5,GENE_16765,GENE_07293,0.9157973360778773,0.990939736366272,1.8232973068558231,-192.7659574857351,1.0
3,0,GENE_16765,GENE_07293,0.9133465684124342,0.9978244304656982,1.8247060878563712,-76.10267061547528,1.0
3,1,GENE_16765,GENE_07293,0.9157408230579693,0.9986039400100708,1.8302032169917226,-50.02198825239195,1.0
3,2,GENE_16765,GENE_07293,0.9096120644770055,0.999411404132843,1.8186887350521437,-17.665789190956797,1.0
3,3,GENE_16765,GENE_07293,0.9222906693508407,0.9999999403953552,1.8445812837288738,-0.07350642038787786,1.0
3,4,GENE_16765,GENE_07293,0.9339859833420682,0.9979414343833923,1.8660492952524348,-67.0834451919,1.0
3,5,GENE_16765,GENE_07293,0.8845260429429739,0.9867527484893799,1.7573345469273887,-178.93364917009805,1.0
4,0,GENE_16765,GENE_07293,0.9505929045616252,0.9992010593414307,1.9004263418020484,-118.80005781029205,1.0
4,1,GENE_16765,GENE_07293,0.953084797076988,0.9998115301132202,1.9059899663701794,-23.729185998278307,1.0
4,2,GENE_16765,GENE_07293,0.9467061072977491,0.9985918998718262,1.8920791576044693,-141.28351045282983,1.0
4,3,GENE_16765,GENE_07293,0.9599017465541128,0.9979414343833923,1.9178274723774476,-67.0834451919,1.0
4,4,GENE_16765,GENE_07293,0.9720739962577554,1.0,1.9441479925155107,-0.013887533519444564,1.0
4,5,GENE_16765,GENE_07293,0.920597076072745,0.9875062704086304,1.8296924612144316,-256.92405883004614,1.0
5,0,GENE_16765,GENE_07293,1.0586424795913962,0.9927322864532471,2.109591048892698,-153.6492494033615,1.0
5,1,GENE_16765,GENE_07293,1.061417614203363,0.9859763383865356,2.107950266954567,-298.53014473761243,1.0
5,2,GENE_16765,GENE_07293,1.0543138877479756,0.990939736366272,2.099075413720254,-192.7659574857351,1.0
5,3,GENE_16765,GENE_07293,1.0690094153446104,0.9867527484893799,2.12385739409693,-178.93364917009805,1.0
5,4,GENE_16765,GENE_07293,1.0825652293493575,0.9875062704086304,2.151605181458205,-256.92405883004614,1.0
5,5,GENE_16765,GENE_07293,1.0252371616088152,1.0000001192092896,2.050474445435424,0.10102980698524008,1.0
0,0,GENE_11431,GENE_07293,0.9522667476373045,1.0000001192092896,1.9045336087936513,0.09099224249153974,1.0
0,1,GENE_11431,GENE_07293,0.9547630279794774,0.9988289475440979,1.908407978370235,-299.57882125132807,1.0
0,2,GENE_11431,GENE_07293,0.9483731063409772,0.9993154406547546,1.8960969950092292,-112.32307033697873,1.0
0,3,GENE_11431,GENE_07293,0.9615919810215613,0.9978244304656982,1.921091951824783,-76.10267061547528,1.0
0,4,GENE_11431,GENE_07293,0.973785664123017,0.9992010593414307,1.9467933312862342,-118.80005781029205,1.0
0,5,GENE_11431,GENE_07293,0.9222181012601627,0.9927322864532471,1.837733785532736,-153.6492494033615,1.0
1,0,GENE_11431,GENE_07293,0.9315326248896891,0.9988289475440979,1.8619743762112482,-299.57882125132807,1.0
1,1,GENE_11431,GENE_07293,0.9339745526219916,1.0000001192092896,1.867949216582426,0.09353658071627739,1.0
1,2,GENE_11431,GENE_07293,0.9277237615579117,0.9987845420837402,1.8543199139257356,-188.21880430207423,1.0
1,3,GENE_11431,GENE_07293,0.9406548158657981,0.9986039400100708,1.8799964211788318,-50.02198825239195,1.0
1,4,GENE_11431,GENE_07293,0.9525830005417357,0.9998115301132202,1.904986467873211,-23.729185998278307,1.0
1,5,GENE_11431,GENE_07293,0.9021382409069123,0.9859763383865356,1.7916252003947801,-298.53014473761243,1.0
2,0,GENE_11431,GENE_07293,0.9566856882737903,0.9993154406547546,1.9127164684192104,-112.32307033697873,1.0
2,1,GENE_11431,GENE_07293,0.9591935524654168,0.9987845420837402,1.9172212455342643,-188.21880430207423,1.0
2,2,GENE_11431,GENE_07293,0.9527739787525766,0.9999999403953552,1.9055479007153988,-0.07471019371153047,1.0
2,3,GENE_11431,GENE_07293,0.9660541948825389,0.999411404132843,1.93153977425852,-17.665789190956797,1.0
2,4,GENE_11431,GENE_07293,0.9783044620891302,0.9985918998718262,1.9552313735397997,-141.28351045282983,1.0
2,5,GENE_11431,GENE_07293,0.9264976028320412,0.990939736366272,1.844600893126407,-192.7659574857351,1.0
3,0,GENE_11431,GENE_07293,0.9656399291454592,0.9978244304656982,1.929179041479964,-76.10267061547528,1.0
3,1,GENE_11431,GENE_07293,0.9681712660620572,0.9986039400100708,1.934990906956166,-50.02198825239195,1.0
3,2,GENE_11431,GENE_07293,0.9616916074017544,0.999411404132843,1.9228171670979126,-17.665789190956797,1.0
3,3,GENE_11431,GENE_07293,0.9750961216742655,0.9999999403953552,1.950192185228273,-0.07350642038787786,1.0
3,4,GENE_11431,GENE_07293,0.9874610470644742,0.9979414343833923,1.972889340769722,-67.0834451919,1.0
3,5,GENE_11431,GENE_07293,0.9351692938633462,0.9867527484893799,1.8579501648858756,-178.93364917009805,1.0
4,0,GENE_11431,GENE_07293,0.9426121144450476,0.9992010593414307,1.884471137746605,-118.80005781029205,1.0
4,1,GENE_11431,GENE_07293,0.9450830860477223,0.9998115301132202,1.8899880523932198,-23.729185998278307,1.0
4,2,GENE_11431,GENE_07293,0.9387579491449067,0.9985918998718262,1.8761940331012983,-141.28351045282983,1.0
4,3,GENE_11431,GENE_07293,0.9518428031988417,0.9979414343833923,1.901726175530603,-67.0834451919,1.0
4,4,GENE_11431,GENE_07293,0.9639128596611239,1.0,1.9278257193222479,-0.013887533519444564,1.0
4,5,GENE_11431,GENE_07293,0.9128681186917094,0.9875062704086304,1.8143311099559023,-256.92405883004614,1.0
5,0,GENE_11431,GENE_07293,0.9109052782453472,0.9927322864532471,1.8151903578601818,-153.6492494033615,1.0
5,1,GENE_11431,GENE_07293,0.9132931332715856,0.9859763383865356,1.8137785526882697,-298.53014473761243,1.0
5,2,GENE_11431,GENE_07293,0.9071807562905289,0.990939736366272,1.8061422157656208,-192.7659574857351,1.0
5,3,GENE_11431,GENE_07293,0.9198254724363814,0.9867527484893799,1.827465785493523,-178.93364917009805,1.0
5,4,GENE_11431,GENE_07293,0.9314895259444197,0.9875062704086304,1.8513412736344967,-256.92405883004614,1.0
5,5,GENE_11431,GENE_07293,0.882161787351668,1.0000001192092896,1.7643236798652158,0.10102980698524008,1.0
0,0,GENE_00657,GENE_07536,0.8459688083132236,1.0000001192092896,1.691937717473788,0.09099224249153974,1.0
0,1,GENE_00657,GENE_07536,0.8457506150816263,0.9988289475440979,1.6905108118283805,-299.57882125132807,1.0
0,2,GENE_00657,GENE_07536,0.882540315690478,0.9993154406547546,1.7644764801602943,-112.32307033697873,1.0
0,3,GENE_00657,GENE_07536,0.9026426950673602,0.9978244304656982,1.8033216281869717,-76.10267061547528,1.0
0,4,GENE_00657,GENE_07536,0.8504344751745322,0.9992010593414307,1.7001895036693984,-118.80005781029205,1.0
0,5,GENE_00657,GENE_07536,1.0331821928136178,0.9927322864532471,2.0588555134082602,-153.6492494033615,1.0
1,0,GENE_00657,GENE_07536,0.8546424724630208,0.9988289475440979,1.7082841137597455,-299.57882125132807,1.0
1,1,GENE_00657,GENE_07536,0.8544220421101586,1.0000001192092896,1.7088441860753618,0.09353658071627739,1.0
1,2,GENE_00657,GENE_07536,0.8915889451691679,0.9987845420837402,1.7820942014968801,-188.21880430207423,1.0
1,3,GENE_00657,GENE_07536,0.9118974329576293,0.9986039400100708,1.8225218023941872,-50.02198825239195,1.0
1,4,GENE_00657,GENE_07536,0.8591539255213845,0.9998115301132202,1.7181459263996994,-23.729185998278307,1.0
1,5,GENE_00657,GENE_07536,1.0437753438352078,0.9859763383865356,2.072913135447993,-298.53014473761243,1.0
2,0,GENE_00657,GENE_07536,0.8541850706377431,0.9993154406547546,1.707785400902812,-112.32307033697873,1.0
2,1,GENE_00657,GENE_07536,0.8539647582584768,0.9987845420837402,1.7068915582913216,-188.21880430207423,1.0
2,2,GENE_00657,GENE_07536,0.891111769713866,0.9999999403953552,1.7822234863133315,-0.07471019371153047,1.0
2,3,GENE_00657,GENE_07536,0.9114093884668156,0.999411404132843,1.8222823251342917,-17.665789190956797,1.0
2,4,GENE_00657,GENE_07536,0.8586941091813476,0.9985918998718262,1.7161790910774948,-141.28351045282983,1.0
2,5,GENE_00657,GENE_07536,1.0432167187225636,0.990939736366272,2.076981618946388,-192.7659574857351,1.0
3,0,GENE_00657,GENE_07536,0.8798350754375248,0.9978244304656982,1.7577560084897177,-76.10267061547528,1.0
3,1,GENE_00657,GENE_07536,0.8796081473800176,0.9986039400100708,1.757988309018662,-50.02198825239195,1.0
3,2,GENE_00657,GENE_07536,0.9178706325832877,0.999411404132843,1.8352010103056522,-17.665789190956797,1.0
3,3,GENE_00657,GENE_07536,0.938777760956967,0.9999999403953552,1.877555465958419,-0.07350642038787786,1.0
3,4,GENE_00657,GENE_07536,0.884479514217286,0.9979414343833923,1.7671382693180104,-67.0834451919,1.0
3,5,GENE_00657,GENE_07536,1.0745430843572008,0.9867527484893799,2.1348514262169243,-178.93364917009805,1.0
4,0,GENE_00657,GENE_07536,0.8039617845087007,0.9992010593414307,1.6072812512598214,-118.80005781029205,1.0
4,1,GENE_00657,GENE_07536,0.8037544257761815,0.9998115301132202,1.6073573680467381,-23.729185998278307,1.0
4,2,GENE_00657,GENE_07536,0.8387173145521964,0.9985918998718262,1.6762536311462704,-141.28351045282983,1.0
4,3,GENE_00657,GENE_07536,0.8578214997631544,0.9979414343833923,1.7138771176817094,-67.0834451919,1.0
4,4,GENE_00657,GENE_07536,0.8082057063454852,1.0,1.6164114126909703,-0.013887533519444564,1.0
4,5,GENE_00657,GENE_07536,0.9818789904479565,0.9875062704086304,1.951490650297809,-256.92405883004614,1.0
5,0,GENE_00657,GENE_07536,0.9445091948181366,0.9927322864532471,1.8821539673660606,-153.6492494033615,1.0
5,1,GENE_00657,GENE_07536,0.9442655859386302,0.9859763383865356,1.8752891108268175,-298.53014473761243,1.0
5,2,GENE_00657,GENE_07536,0.9853406352291011,0.990939736366272,1.9617538245340014,-192.7659574857351,1.0
5,3,GENE_00657,GENE_07536,1.0077845858483274,0.9867527484893799,2.0022187958193958,-178.93364917009805,1.0
5,4,GENE_00657,GENE_07536,0.9494950327947289,0.9875062704086304,1.887127331401372,-256.92405883004614,1.0
5,5,GENE_00657,GENE_07536,1.15352962360465,1.0000001192092896,2.307059384720747,0.10102980698524008,1.0
0,0,GENE_18612,GENE_07293,0.9529794403001985,1.0000001192092896,1.905958994204399,0.09099224249153974,1.0
0,1,GENE_18612,GENE_07293,0.9554775889011223,0.9988289475440979,1.9098362634252026,-299.57882125132807,1.0
0,2,GENE_18612,GENE_07293,0.9490828849363678,0.9993154406547546,1.8975160663144401,-112.32307033697873,1.0
0,3,GENE_18612,GENE_07293,0.962311652848045,0.9978244304656982,1.9225297297816502,-76.10267061547528,1.0
0,4,GENE_18612,GENE_07293,0.9745144619097442,0.9992010593414307,1.9482503445935049,-118.80005781029205,1.0
0,5,GENE_18612,GENE_07293,0.9229083050040054,0.9927322864532471,1.8391091768173224,-153.6492494033615,1.0
1,0,GENE_18612,GENE_07293,0.9624940132795041,0.9988289475440979,1.9238608955809662,-299.57882125132807,1.0
1,1,GENE_18612,GENE_07293,0.9650171034648646,1.0000001192092896,1.9300343219687324,0.09353658071627739,1.0
1,2,GENE_18612,GENE_07293,0.9585585545996005,0.9987845420837402,1.9159520216158143,-188.21880430207423,1.0
1,3,GENE_18612,GENE_07293,0.9719193988944599,0.9986039400100708,1.9424819400026871,-50.02198825239195,1.0
1,4,GENE_18612,GENE_07293,0.9842440411379259,0.9998115301132202,1.9683025819128548,-23.729185998278307,1.0
1,5,GENE_18612,GENE_07293,0.9321226469402825,0.9859763383865356,1.8511735212976277,-298.53014473761243,1.0
2,0,GENE_18612,GENE_07293,0.998213989851189,0.9993154406547546,1.9957446429870709,-112.32307033697873,1.0
2,1,GENE_18612,GENE_07293,1.0008307166940933,0.9987845420837402,2.0004449657707446,-188.21880430207423,1.0
2,2,GENE_18612,GENE_07293,0.9941324788427456,0.9999999403953552,1.988264898430578,-0.07471019371153047,1.0
2,3,GENE_18612,GENE_07293,1.0079891693855876,0.999411404132843,2.015385040511936,-17.665789190956797,1.0
2,4,GENE_18612,GENE_07293,1.0207712024555076,0.9985918998718262,2.040105056850001,-141.28351045282983,1.0
2,5,GENE_18612,GENE_07293,0.9667154845592889,0.990939736366272,1.9246722719696636,-192.7659574857351,1.0
3,0,GENE_18612,GENE_07293,0.9808647192430711,0.9978244304656982,1.9595954990856854,-76.10267061547528,1.0
3,1,GENE_18612,GENE_07293,0.9834359665569699,0.9986039400100708,1.965498997508372,-50.02198825239195,1.0
3,2,GENE_18612,GENE_07293,0.9768541461694747,0.999411404132843,1.953133320025699,-17.665789190956797,1.0
3,3,GENE_18612,GENE_07293,0.990470003107093,0.9999999403953552,1.9809399471775733,-0.07350642038787786,1.0
3,4,GENE_18612,GENE_07293,1.003029880453985,0.9979414343833923,2.0039949580836374,-67.0834451919,1.0
3,5,GENE_18612,GENE_07293,0.9499136678013639,0.9867527484893799,1.8872435903319875,-178.93364917009805,1.0
4,0,GENE_18612,GENE_07293,0.9388682214703311,0.9992010593414307,1.876986342945491,-118.80005781029205,1.0
4,1,GENE_18612,GENE_07293,0.9413293787993697,0.9998115301132202,1.8824813453572946,-23.729185998278307,1.0
4,2,GENE_18612,GENE_07293,0.9350293642509687,0.9985918998718262,1.8687421135342894,-141.28351045282983,1.0
4,3,GENE_18612,GENE_07293,0.948062247518175,0.9979414343833923,1.8941728466912053,-67.0834451919,1.0
4,4,GENE_18612,GENE_07293,0.9600843637949863,1.0,1.9201687275899726,-0.013887533519444564,1.0
4,5,GENE_18612,GENE_07293,0.909242363745387,0.9875062704086304,1.8071248992651214,-256.92405883004614,1.0
5,0,GENE_18612,GENE_07293,0.9015735105353674,0.9927322864532471,1.7965946430548232,-153.6492494033615,1.0
5,1,GENE_18612,GENE_07293,0.9039369031844937,0.9859763383865356,1.7951973011188052,-298.53014473761243,1.0
5,2,GENE_18612,GENE_07293,0.8978871444399378,0.990939736366272,1.7876391946379144,-192.7659574857351,1.0
5,3,GENE_18612,GENE_07293,0.9104023218108487,0.9867527484893799,1.8087443150888165,-178.93364917009805,1.0
5,4,GENE_18612,GENE_07293,0.9219468829408173,0.9875062704086304,1.8323752108285658,-256.92405883004614,1.0
5,5,GENE_18612,GENE_07293,0.8731244822895614,1.0000001192092896,1.746249068663672,0.10102980698524008,1.0
0,0,GENE_13534,GENE_11549,0.969207888016127,1.0000001192092896,1.9384158915708378,0.09099224249153974,1.0
0,1,GENE_13534,GENE_11549,0.9756676430605598,0.9988289475440979,1.9501927281315692,-299.57882125132807,1.0
0,2,GENE_13534,GENE_11549,1.0078994944720931,0.9993154406547546,2.015109021926177,-112.32307033697873,1.0
0,3,GENE_13534,GENE_11549,0.978583744436424,0.9978244304656982,1.9550385118916893,-76.10267061547528,1.0
0,4,GENE_13534,GENE_11549,0.9557559097706373,0.9992010593414307,1.910748227285291,-118.80005781029205,1.0
0,5,GENE_13534,GENE_11549,0.9651048655161113,0.9927322864532471,1.9231956253270739,-153.6492494033615,1.0
1,0,GENE_13534,GENE_11549,0.9380621410261538,0.9988289475440979,1.8750257620782702,-299.57882125132807,1.0
1,1,GENE_13534,GENE_11549,0.9443143101659331,1.0000001192092896,1.8886287329029043,0.09353658071627739,1.0
1,2,GENE_13534,GENE_11549,0.9755103826682205,0.9987845420837402,1.9498350735194334,-188.21880430207423,1.0
1,3,GENE_13534,GENE_11549,0.9471367018673584,0.9986039400100708,1.8929511440802465,-50.02198825239195,1.0
1,4,GENE_13534,GENE_11549,0.9250424455923593,0.9998115301132202,1.8499105485397311,-23.729185998278307,1.0
1,5,GENE_13534,GENE_11549,0.9340909702189067,0.9859763383865356,1.855082564755271,-298.53014473761243,1.0
2,0,GENE_13534,GENE_11549,0.99404487512442,0.9993154406547546,1.9874092675399802,-112.32307033697873,1.0
2,1,GENE_13534,GENE_11549,1.0006701682899775,0.9987845420837402,2.0001240641023417,-188.21880430207423,1.0
2,2,GENE_13534,GENE_11549,1.0337279953130212,0.9999999403953552,2.0674559290110524,-0.07471019371153047,1.0
2,3,GENE_13534,GENE_11549,1.0036609978775848,0.999411404132843,2.0067312450397923,-17.665789190956797,1.0
2,4,GENE_13534,GENE_11549,0.9802481755715665,0.9985918998718262,1.9591160635614686,-141.28351045282983,1.0
2,5,GENE_13534,GENE_11549,0.9898367082913897,0.990939736366272,1.970705235051318,-192.7659574857351,1.0
3,0,GENE_13534,GENE_11549,0.9071461391541791,0.9978244304656982,1.8123187188048548,-76.10267061547528,1.0
3,1,GENE_13534,GENE_11549,0.9131922536368352,0.9986039400100708,1.8251096361052548,-50.02198825239195,1.0
3,2,GENE_13534,GENE_11549,0.9433601876036265,0.999411404132843,1.886165117299589,-17.665789190956797,1.0
3,3,GENE_13534,GENE_11549,0.9159216269087679,0.9999999403953552,1.8318431992243525,-0.07350642038787786,1.0
3,4,GENE_13534,GENE_11549,0.8945555378185254,0.9979414343833923,1.7872695743647515,-67.0834451919,1.0
3,5,GENE_13534,GENE_11549,0.9033058474419741,0.9867527484893799,1.7946453751318705,-178.93364917009805,1.0
4,0,GENE_13534,GENE_11549,0.9435024240279564,0.9992010593414307,1.886251045607898,-118.80005781029205,1.0
4,1,GENE_13534,GENE_11549,0.9497908525667753,0.9998115301132202,1.8994026981591028,-23.729185998278307,1.0
4,2,GENE_13534,GENE_11549,0.9811678464126866,0.9985918998718262,1.9609541102550796,-141.28351045282983,1.0
4,3,GENE_13534,GENE_11549,0.9526296127036444,0.9979414343833923,1.9032981748412148,-67.0834451919,1.0
4,4,GENE_13534,GENE_11549,0.9304072209868729,1.0,1.8608144419737458,-0.013887533519444564,1.0
4,5,GENE_13534,GENE_11549,0.9395082224511098,0.9875062704086304,1.867278483222047,-256.92405883004614,1.0
5,0,GENE_13534,GENE_11549,0.9028387272827539,0.9927322864532471,1.7991158813167019,-153.6492494033615,1.0
5,1,GENE_13534,GENE_11549,0.9088561329343028,0.9859763383865356,1.8049667750050131,-298.53014473761243,1.0
5,2,GENE_13534,GENE_11549,0.9388808201723741,0.990939736366272,1.8692551325933355,-192.7659574857351,1.0
5,3,GENE_13534,GENE_11549,0.9115725462934655,0.9867527484893799,1.8110692617960051,-178.93364917009805,1.0
5,4,GENE_13534,GENE_11549,0.8903079100362572,0.9875062704086304,1.7694925537914639,-256.92405883004614,1.0
5,5,GENE_13534,GENE_11549,0.8990166704694224,1.0000001192092896,1.7980334481099833,0.10102980698524008,1.0
0,0,GENE_00325,GENE_07293,0.960758049761189,1.0000001192092896,1.9215162140536624,0.09099224249153974,1.0
0,1,GENE_00325,GENE_07293,0.9632765892766701,0.9988289475440979,1.9254251311377548,-299.57882125132807,1.0
0,2,GENE_00325,GENE_07293,0.9568296891126516,0.9993154406547546,1.913004371519813,-112.32307033697873,1.0
0,3,GENE_00325,GENE_07293,0.9701664356594215,0.9978244304656982,1.9382222067782202,-76.10267061547528,1.0
0,4,GENE_00325,GENE_07293,0.982468849058847,0.9992010593414307,1.964152763808403,-118.80005781029205,1.0
0,5,GENE_00325,GENE_07293,0.9304414615122606,0.9927322864532471,1.8541207410102278,-153.6492494033615,1.0
1,0,GENE_00325,GENE_07293,0.9821668377931729,0.9988289475440979,1.9631835066988426,-299.57882125132807,1.0
1,1,GENE_00325,GENE_07293,0.9847414984919745,1.0000001192092896,1.9694831143742833,0.09353658071627739,1.0
1,2,GENE_00325,GENE_07293,0.9781509405994475,0.9987845420837402,1.9551129798948466,-188.21880430207423,1.0
1,3,GENE_00325,GENE_07293,0.991784872873599,0.9986039400100708,1.9821851545675622,-50.02198825239195,1.0
1,4,GENE_00325,GENE_07293,1.0043614237219023,0.9998115301132202,2.00853355555999,-23.729185998278307,1.0
1,5,GENE_00325,GENE_07293,0.9511746981795325,0.9859763383865356,1.889010444256506,-298.53014473761243,1.0
2,0,GENE_00325,GENE_07293,0.9952454808172876,0.9993154406547546,1.9898096570398685,-112.32307033697873,1.0
2,1,GENE_00325,GENE_07293,0.997854425984768,0.9987845420837402,1.994496001908198,-188.21880430207423,1.0
2,2,GENE_00325,GENE_07293,0.991176107489165,0.9999999403953552,1.9823521558996302,-0.07471019371153047,1.0
2,3,GENE_00325,GENE_07293,1.0049915907242808,0.999411404132843,2.009391647551734,-17.665789190956797,1.0
2,4,GENE_00325,GENE_07293,1.0177356123246908,0.9985918998718262,2.03403815100322,-141.28351045282983,1.0
2,5,GENE_00325,GENE_07293,0.9638406464200694,0.990939736366272,1.91894864248267,-192.7659574857351,1.0
3,0,GENE_00325,GENE_07293,0.9757069430253308,0.9978244304656982,1.949291167751009,-76.10267061547528,1.0
3,1,GENE_00325,GENE_07293,0.9782646696997516,0.9986039400100708,1.955163623234574,-50.02198825239195,1.0
3,2,GENE_00325,GENE_07293,0.9717174591376464,0.999411404132843,1.9428629693948,-17.665789190956797,1.0
3,3,GENE_00325,GENE_07293,0.9852617184923164,0.9999999403953552,1.970523378258458,-0.07350642038787786,1.0
3,4,GENE_00325,GENE_07293,0.9977555510163021,0.9979414343833923,1.9934571567615025,-67.0834451919,1.0
3,5,GENE_00325,GENE_07293,0.9449186445034791,0.9867527484893799,1.8773197140661464,-178.93364917009805,1.0
4,0,GENE_00325,GENE_07293,0.968745423589473,0.9992010593414307,1.9367168770722374,-118.80005781029205,1.0
4,1,GENE_00325,GENE_07293,0.9712849012762413,0.9998115301132202,1.9423867445971081,-23.729185998278307,1.0
4,2,GENE_00325,GENE_07293,0.9647844040576299,0.9985918998718262,1.9282102950722462,-141.28351045282983,1.0
4,3,GENE_00325,GENE_07293,0.9782320271985105,0.9979414343833923,1.9544502995807658,-67.0834451919,1.0
4,4,GENE_00325,GENE_07293,0.9906367181430847,1.0,1.9812734362861695,-0.013887533519444564,1.0
4,5,GENE_00325,GENE_07293,0.9381767948568842,0.9875062704086304,1.8646322625299288,-256.92405883004614,1.0
5,0,GENE_00325,GENE_07293,0.9651182356252639,0.9927322864532471,1.9232222683752558,-153.6492494033615,1.0
5,1,GENE_00325,GENE_07293,0.9676482049699265,0.9859763383865356,1.9217264389524786,-298.53014473761243,1.0
5,2,GENE_00325,GENE_07293,0.9611720469891567,0.990939736366272,1.9136356218352217,-192.7659574857351,1.0
5,3,GENE_00325,GENE_07293,0.9745693193819295,0.9867527484893799,1.9362282738754726,-178.93364917009805,1.0
5,4,GENE_00325,GENE_07293,0.9869275645373435,0.9875062704086304,1.9615247229570885,-256.92405883004614,1.0
5,5,GENE_00325,GENE_07293,0.9346640623104984,1.0000001192092896,1.8693282360416357,0.10102980698524008,1.0
0,0,GENE_19239,GENE_07293,0.9696273755014017,1.0000001192092896,1.9392548665913938,0.09099224249153974,1.0
0,1,GENE_19239,GENE_07293,0.9721691651445897,0.9988289475440979,1.9431998692007846,-299.57882125132807,1.0
0,2,GENE_19239,GENE_07293,0.9656627498325238,0.9993154406547546,1.9306644462052944,-112.32307033697873,1.0
0,3,GENE_19239,GENE_07293,0.9791226157738876,0.9978244304656982,1.9561150822145517,-76.10267061547528,1.0
0,4,GENE_19239,GENE_07293,0.9915386000269297,0.9992010593414307,1.982285019551757,-118.80005781029205,1.0
0,5,GENE_19239,GENE_07293,0.9390309168974151,0.9927322864532471,1.8712372260792751,-153.6492494033615,1.0
1,0,GENE_19239,GENE_07293,0.9829095145754845,0.9988289475440979,1.9646679905499957,-299.57882125132807,1.0
1,1,GENE_19239,GENE_07293,0.9854861221336685,1.0000001192092896,1.9709723617464374,0.09353658071627739,1.0
1,2,GENE_19239,GENE_07293,0.9788905807147783,0.9987845420837402,1.9565913611240746,-188.21880430207423,1.0
1,3,GENE_19239,GENE_07293,0.9925348224440672,0.9986039400100708,1.9836840067339088,-50.02198825239195,1.0
1,4,GENE_19239,GENE_07293,1.0051208831963472,0.9998115301132202,2.0100523313736383,-23.729185998278307,1.0
1,5,GENE_19239,GENE_07293,0.9518939398980245,0.9859763383865356,1.8904388412910118,-298.53014473761243,1.0
2,0,GENE_19239,GENE_07293,0.9524209437945725,0.9993154406547546,1.9041898989314632,-112.32307033697873,1.0
2,1,GENE_19239,GENE_07293,0.9549176283478946,0.9987845420837402,1.9086745945050378,-188.21880430207423,1.0
2,2,GENE_19239,GENE_07293,0.9485266720188894,0.9999999403953552,1.8970532875011834,-0.07471019371153047,1.0
2,3,GENE_19239,GENE_07293,0.9617476871708113,0.999411404132843,1.922929293627706,-17.665789190956797,1.0
2,4,GENE_19239,GENE_07293,0.9739433447390663,0.9985918998718262,1.9465152797295715,-141.28351045282983,1.0
2,5,GENE_19239,GENE_07293,0.9223674317788754,0.990939736366272,1.8363779714586694,-192.7659574857351,1.0
3,0,GENE_19239,GENE_07293,0.9517811259639256,0.9978244304656982,1.9014915859068806,-76.10267061547528,1.0
3,1,GENE_19239,GENE_07293,0.9542761332932165,0.9986039400100708,1.907220039857398,-50.02198825239195,1.0
3,2,GENE_19239,GENE_07293,0.9478894702841355,0.999411404132843,1.8952210167435402,-17.665789190956797,1.0
3,3,GENE_19239,GENE_07293,0.9611016038157101,0.9999999403953552,1.9222031503453005,-0.07350642038787786,1.0
3,4,GENE_19239,GENE_07293,0.973289068578862,0.9979414343833923,1.9445745577461275,-67.0834451919,1.0
3,5,GENE_19239,GENE_07293,0.9217478033119614,0.9867527484893799,1.8312849816440877,-178.93364917009805,1.0
4,0,GENE_19239,GENE_07293,0.984336781674756,0.9992010593414307,1.9678871366729067,-118.80005781029205,1.0
4,1,GENE_19239,GENE_07293,0.9869171306833391,0.9998115301132202,1.9736482572067973,-23.729185998278307,1.0
4,2,GENE_19239,GENE_07293,0.9803120119848219,0.9985918998718262,1.9592436464999177,-141.28351045282983,1.0
4,3,GENE_19239,GENE_07293,0.9939760662981035,0.9979414343833923,1.985905967642395,-67.0834451919,1.0
4,4,GENE_19239,GENE_07293,1.0065804030667966,1.0,2.0131608061335933,-0.013887533519444564,1.0
4,5,GENE_19239,GENE_07293,0.9532761697800896,0.9875062704086304,1.89464236486905,-256.92405883004614,1.0
5,0,GENE_19239,GENE_07293,0.9216689222956995,0.9927322864532471,1.8366394188792095,-153.6492494033615,1.0
5,1,GENE_19239,GENE_07293,0.924084993232154,0.9859763383865356,1.8352109312171399,-298.53014473761243,1.0
5,2,GENE_19239,GENE_07293,0.9179003898059367,0.990939736366272,1.8274843600907298,-192.7659574857351,1.0
5,3,GENE_19239,GENE_07293,0.9306945212938255,0.9867527484893799,1.8490598981845154,-178.93364917009805,1.0
5,4,GENE_19239,GENE_07293,0.9424964022172309,0.9875062704086304,1.8732175092443208,-256.92405883004614,1.0
5,5,GENE_19239,GENE_07293,0.8925857860929712,1.0000001192092896,1.7851716785904599,0.10102980698524008,1.0
0,0,GENE_03069,GENE_07105,0.8278416940323126,1.0000001192092896,1.6556834867510453,0.09099224249153974,1.0
0,1,GENE_03069,GENE_07105,0.8151525772823572,0.9988289475440979,1.629350568137153,-299.57882125132807,1.0
0,2,GENE_03069,GENE_07105,0.823158425422686,0.9993154406547546,1.6457533500526316,-112.32307033697873,1.0
0,3,GENE_03069,GENE_07105,0.810865232761272,0.9978244304656982,1.619966371825724,-76.10267061547528,1.0
0,4,GENE_03069,GENE_07105,0.7905603584487902,0.9992010593414307,1.5804891060841626,-118.80005781029205,1.0
0,5,GENE_03069,GENE_07105,0.7827026124911812,0.9927322864532471,1.5597167666024814,-153.6492494033615,1.0
1,0,GENE_03069,GENE_07105,0.8325216981125914,0.9988289475440979,1.6640684696460162,-299.57882125132807,1.0
1,1,GENE_03069,GENE_07105,0.8197608464903857,1.0000001192092896,1.6395217907038795,0.09353658071627739,1.0
1,2,GENE_03069,GENE_07105,0.827811953769307,0.9987845420837402,1.6546177369462307,-188.21880430207423,1.0
1,3,GENE_03069,GENE_07105,0.8154492644973335,0.9986039400100708,1.629760112902685,-50.02198825239195,1.0
1,4,GENE_03069,GENE_07105,0.7950296014573487,0.9998115301132202,1.5899093637757242,-23.729185998278307,1.0
1,5,GENE_03069,GENE_07105,0.7871274336212472,0.9859763383865356,1.5632164584667152,-298.53014473761243,1.0
2,0,GENE_03069,GENE_07105,0.8589813919095951,0.9993154406547546,1.7173747600799667,-112.32307033697873,1.0
2,1,GENE_03069,GENE_07105,0.8458149674028893,0.9987845420837402,1.6906018823079578,-188.21880430207423,1.0
2,2,GENE_03069,GENE_07105,0.8541219597041589,0.9999999403953552,1.7082438684986818,-0.07471019371153047,1.0
2,3,GENE_03069,GENE_07105,0.8413663521774595,0.999411404132843,1.6822374795972623,-17.665789190956797,1.0
2,4,GENE_03069,GENE_07105,0.8202976994081967,0.9985918998718262,1.639440337520716,-141.28351045282983,1.0
2,5,GENE_03069,GENE_07105,0.812144380230635,0.990939736366272,1.6169305182677296,-192.7659574857351,1.0
3,0,GENE_03069,GENE_07105,0.8049028570113222,0.9978244304656982,1.6080545918888582,-76.10267061547528,1.0
3,1,GENE_03069,GENE_07105,0.7925653456264576,0.9986039400100708,1.5840242224844818,-50.02198825239195,1.0
3,2,GENE_03069,GENE_07105,0.8003493580619293,0.999411404132843,1.6002276337994217,-17.665789190956797,1.0
3,3,GENE_03069,GENE_07105,0.7883968000230048,0.9999999403953552,1.5767935530538983,-0.07350642038787786,1.0
3,4,GENE_03069,GENE_07105,0.7686545576798275,0.9979414343833923,1.5357267895161666,-67.0834451919,1.0
3,5,GENE_03069,GENE_07105,0.7610145436330094,0.9867527484893799,1.5119477362032725,-178.93364917009805,1.0
4,0,GENE_03069,GENE_07105,0.7851980848600048,0.9992010593414307,1.569768843044984,-118.80005781029205,1.0
4,1,GENE_03069,GENE_07105,0.7731626072530494,0.9998115301132202,1.5461794966370475,-23.729185998278307,1.0
4,2,GENE_03069,GENE_07105,0.7807560598089928,0.9985918998718262,1.560412736910096,-141.28351045282983,1.0
4,3,GENE_03069,GENE_07105,0.7690961115312722,0.9979414343833923,1.5366089882514795,-67.0834451919,1.0
4,4,GENE_03069,GENE_07105,0.7498371776814613,1.0,1.4996743553629226,-0.013887533519444564,1.0
4,5,GENE_03069,GENE_07105,0.7423841982994029,0.9875062704086304,1.4754932491723474,-256.92405883004614,1.0
5,0,GENE_03069,GENE_07105,0.794405680904279,0.9927322864532471,1.5830378488798325,-153.6492494033615,1.0
5,1,GENE_03069,GENE_07105,0.7822290697182415,0.9859763383865356,1.5534884236585393,-298.53014473761243,1.0
5,2,GENE_03069,GENE_07105,0.7899115666122501,0.990939736366272,1.5726663261836622,-192.7659574857351,1.0
5,3,GENE_03069,GENE_07105,0.7781148883861146,0.9867527484893799,1.5459218931416203,-178.93364917009805,1.0
5,4,GENE_03069,GENE_07105,0.7586301153671161,0.9875062704086304,1.507782111212966,-256.92405883004614,1.0
5,5,GENE_03069,GENE_07105,0.7510897389004246,1.0000001192092896,1.5021795673377234,0.10102980698524008,1.0
0,0,GENE_00263,GENE_11428,0.9064686510770719,1.0000001192092896,1.8129374102136275,0.09099224249153974,1.0
0,1,GENE_00263,GENE_11428,0.8876640949814552,0.9988289475440979,1.7742886887444662,-299.57882125132807,1.0
0,2,GENE_00263,GENE_11428,0.9462109702206057,0.9993154406547546,1.8917742028789732,-112.32307033697873,1.0
0,3,GENE_00263,GENE_11428,0.9155091531400713,0.9978244304656982,1.8290265524581966,-76.10267061547528,1.0
0,4,GENE_00263,GENE_11428,0.8538730588087458,0.9992010593414307,1.7070639237135523,-118.80005781029205,1.0
0,5,GENE_00263,GENE_11428,0.9528923142016142,0.9927322864532471,1.8988592800227087,-153.6492494033615,1.0
1,0,GENE_00263,GENE_11428,0.9265218642965042,0.9988289475440979,1.851958722888377,-299.57882125132807,1.0
1,1,GENE_00263,GENE_11428,0.9073013073028595,1.0000001192092896,1.8146027227644632,0.09353658071627739,1.0
1,2,GENE_00263,GENE_11428,0.9671433767785755,0.9987845420837402,1.9331112314836874,-188.21880430207423,1.0
1,3,GENE_00263,GENE_11428,0.9357623634749743,0.9986039400100708,1.8702183465542197,-50.02198825239195,1.0
1,4,GENE_00263,GENE_11428,0.8727627341331765,0.9998115301132202,1.7453609787726654,-23.729185998278307,1.0
1,5,GENE_00263,GENE_11428,0.9739725277634824,0.9859763383865356,1.9342863943767992,-298.53014473761243,1.0
2,0,GENE_00263,GENE_11428,0.9179735317460181,0.9993154406547546,1.8353186561321917,-112.32307033697873,1.0
2,1,GENE_00263,GENE_11428,0.898930308627934,0.9987845420837402,1.7967680052960804,-188.21880430207423,1.0
2,2,GENE_00263,GENE_11428,0.958220259551352,0.9999999403953552,1.916440461988326,-0.07471019371153047,1.0
2,3,GENE_00263,GENE_11428,0.9271287756672149,0.999411404132843,1.8537118471687497,-17.665789190956797,1.0
2,4,GENE_00263,GENE_11428,0.8647103973491906,0.9985918998718262,1.7282031958770407,-141.28351045282983,1.0
2,5,GENE_00263,GENE_11428,0.9649864030068028,0.990939736366272,1.9212297747994012,-192.7659574857351,1.0
3,0,GENE_00263,GENE_11428,0.9504840707650974,0.9978244304656982,1.8989002973429991,-76.10267061547528,1.0
3,1,GENE_00263,GENE_11428,0.9307664213952543,0.9986039400100708,1.8602334370296292,-50.02198825239195,1.0
3,2,GENE_00263,GENE_11428,0.9921561586374226,0.999411404132843,1.9837283382602968,-17.665789190956797,1.0
3,3,GENE_00263,GENE_11428,0.9599635527001759,0.9999999403953552,1.9199270481820652,-0.07350642038787786,1.0
3,4,GENE_00263,GENE_11428,0.8953345930814511,0.9979414343833923,1.7888260811542254,-67.0834451919,1.0
3,5,GENE_00263,GENE_11428,0.9991619287958337,0.9867527484893799,1.9850877082210725,-178.93364917009805,1.0
4,0,GENE_00263,GENE_11428,0.8652821638904981,0.9992010593414307,1.7298730186791291,-118.80005781029205,1.0
4,1,GENE_00263,GENE_11428,0.8473320152890191,0.9998115301132202,1.6945043340090518,-23.729185998278307,1.0
4,2,GENE_00263,GENE_11428,0.9032187432368255,0.9985918998718262,1.8051656640455302,-141.28351045282983,1.0
4,3,GENE_00263,GENE_11428,0.8739118999309378,0.9979414343833923,1.7460247948727334,-67.0834451919,1.0
4,4,GENE_00263,GENE_11428,0.8150763152547351,1.0,1.6301526305094702,-0.013887533519444564,1.0
4,5,GENE_00263,GENE_11428,0.9095965123639922,0.9875062704086304,1.8078287718652557,-256.92405883004614,1.0
5,0,GENE_00263,GENE_11428,0.8352310509286489,0.9927322864532471,1.664391881833795,-153.6492494033615,1.0
5,1,GENE_00263,GENE_11428,0.817904308154559,0.9859763383865356,1.6243386030593636,-298.53014473761243,1.0
5,2,GENE_00263,GENE_11428,0.871850098862799,0.990939736366272,1.735801005980809,-192.7659574857351,1.0
5,3,GENE_00263,GENE_11428,0.8435610775986606,0.9867527484893799,1.675947289437802,-178.93364917009805,1.0
5,4,GENE_00263,GENE_11428,0.7867688434907066,0.9875062704086304,1.5637080097999259,-256.92405883004614,1.0
5,5,GENE_00263,GENE_11428,0.8780063690749489,1.0000001192092896,1.7560128428164132,0.10102980698524008,1.0
0,0,GENE_12803,GENE_07293,0.9651811938433902,1.0000001192092896,1.9303625027453448,0.09099224249153974,1.0
0,1,GENE_12803,GENE_07293,0.967711328227274,0.9988289475440979,1.9342894157270232,-299.57882125132807,1.0
0,2,GENE_12803,GENE_07293,0.96123474778286,0.9993154406547546,1.9218114733361507,-112.32307033697873,1.0
0,3,GENE_12803,GENE_07293,0.9746328941290683,0.9978244304656982,1.947145406626541,-76.10267061547528,1.0
0,4,GENE_12803,GENE_07293,0.9869919454583431,0.9992010593414307,1.9731953429217792,-118.80005781029205,1.0
0,5,GENE_12803,GENE_07293,0.9347250338907024,0.9927322864532471,1.8626567539901082,-153.6492494033615,1.0
1,0,GENE_12803,GENE_07293,0.9585995706220927,0.9988289475440979,1.9160765708627816,-299.57882125132807,1.0
1,1,GENE_12803,GENE_07293,0.961112451881568,1.0000001192092896,1.9222250183366687,0.09353658071627739,1.0
1,2,GENE_12803,GENE_07293,0.9546800355925681,0.9987845420837402,1.90819969777838,-188.21880430207423,1.0
1,3,GENE_12803,GENE_07293,0.967986819247836,0.9986039400100708,1.9346222708265413,-50.02198825239195,1.0
1,4,GENE_12803,GENE_07293,0.9802615935317842,0.9998115301132202,1.960338437272021,-23.729185998278307,1.0
1,5,GENE_12803,GENE_07293,0.9283510928858164,0.9859763383865356,1.8436833041865124,-298.53014473761243,1.0
2,0,GENE_12803,GENE_07293,0.9987593942376751,0.9993154406547546,1.9968350783983733,-112.32307033697873,1.0
2,1,GENE_12803,GENE_07293,1.001377550808386,0.9987845420837402,2.001537969345477,-188.21880430207423,1.0
2,2,GENE_12803,GENE_07293,0.9946756531723201,0.9999999403953552,1.9893512470573511,-0.07471019371153047,1.0
2,3,GENE_12803,GENE_07293,1.0085399147368879,0.999411404132843,2.0164862070480987,-17.665789190956797,1.0
2,4,GENE_12803,GENE_07293,1.0213289316569396,0.9985918998718262,2.0412197299143053,-141.28351045282983,1.0
2,5,GENE_12803,GENE_07293,0.9672436787852998,0.990939736366272,1.9257238748427479,-192.7659574857351,1.0
3,0,GENE_12803,GENE_07293,0.9018201452299052,0.9978244304656982,1.8016783180264286,-76.10267061547528,1.0
3,1,GENE_12803,GENE_07293,0.9041841844093667,0.9986039400100708,1.8071060734553526,-50.02198825239195,1.0
3,2,GENE_12803,GENE_07293,0.8981327706911646,0.999411404132843,1.7957369041453421,-17.665789190956797,1.0
3,3,GENE_12803,GENE_07293,0.9106513717173981,0.9999999403953552,1.8213026891557447,-0.07350642038787786,1.0
3,4,GENE_12803,GENE_07293,0.9221990909806466,0.9979414343833923,1.8424997746209335,-67.0834451919,1.0
3,5,GENE_12803,GENE_07293,0.8733633344602014,0.9867527484893799,1.7351570051686547,-178.93364917009805,1.0
4,0,GENE_12803,GENE_07293,0.9404079779303994,0.9992010593414307,1.8800646256915874,-118.80005781029205,1.0
4,1,GENE_12803,GENE_07293,0.9428731715904267,0.9998115301132202,1.8855686399809561,-23.729185998278307,1.0
4,2,GENE_12803,GENE_07293,0.9365628249337729,0.9985918998718262,1.8718068756337136,-141.28351045282983,1.0
4,3,GENE_12803,GENE_07293,0.9496170823041228,0.9979414343833923,1.897279315533671,-67.0834451919,1.0
4,4,GENE_12803,GENE_07293,0.9616589150126735,1.0,1.923317830025347,-0.013887533519444564,1.0
4,5,GENE_12803,GENE_07293,0.9107335334019255,0.9875062704086304,1.8100886083077348,-256.92405883004614,1.0
5,0,GENE_12803,GENE_07293,0.9606341934886861,0.9927322864532471,1.9142867728358803,-153.6492494033615,1.0
5,1,GENE_12803,GENE_07293,0.9631524083262564,0.9859763383865356,1.9127978931959522,-298.53014473761243,1.0
5,2,GENE_12803,GENE_07293,0.9567063392653691,0.990939736366272,1.904744666876935,-192.7659574857351,1.0
5,3,GENE_12803,GENE_07293,0.9700413665033961,0.9867527484893799,1.9272323510490161,-178.93364917009805,1.0
5,4,GENE_12803,GENE_07293,0.9823421939352966,0.9875062704086304,1.952411270133373,-256.92405883004614,1.0
5,5,GENE_12803,GENE_07293,0.9303215135074183,1.0000001192092896,1.8606431379178032,0.10102980698524008,1.0
0,0,GENE_09703,GENE_11978,0.9038650652716874,1.0000001192092896,1.8077302382924871,0.09099224249153974,1.0
0,1,GENE_09703,GENE_11978,0.9573717577480848,0.9988289475440979,1.9136223829480474,-299.57882125132807,1.0
0,2,GENE_09703,GENE_11978,0.9478293726939981,0.9993154406547546,1.8950098999332206,-112.32307033697873,1.0
0,3,GENE_09703,GENE_11978,0.9043505882417141,0.9978244304656982,1.8067336988953218,-76.10267061547528,1.0
0,4,GENE_09703,GENE_11978,0.91955409124825,0.9992010593414307,1.8383735133452481,-118.80005781029205,1.0
0,5,GENE_09703,GENE_11978,0.9415834458700536,0.9927322864532471,1.8763237329751592,-153.6492494033615,1.0
1,0,GENE_09703,GENE_11978,0.8800497393646175,0.9988289475440979,1.759068894320636,-299.57882125132807,1.0
1,1,GENE_09703,GENE_11978,0.9321466203896211,1.0000001192092896,1.8642933518997786,0.09353658071627739,1.0
1,2,GENE_09703,GENE_11978,0.9228556611497688,0.9987845420837402,1.844589630080628,-188.21880430207423,1.0
1,3,GENE_09703,GENE_11978,0.8805224696200998,0.9986039400100708,1.7598156770501294,-50.02198825239195,1.0
1,4,GENE_09703,GENE_11978,0.8953253858654683,0.9998115301132202,1.7904820298568314,-23.729185998278307,1.0
1,5,GENE_09703,GENE_11978,0.9167743040039976,0.9859763383865356,1.8206920753927238,-298.53014473761243,1.0
2,0,GENE_09703,GENE_11978,0.9059239405413332,0.9993154406547546,1.8112277223830873,-112.32307033697873,1.0
2,1,GENE_09703,GENE_11978,0.9595525136060317,0.9987845420837402,1.9179387315133338,-188.21880430207423,1.0
2,2,GENE_09703,GENE_11978,0.94998839236437,0.9999999403953552,1.8999767281050195,-0.07471019371153047,1.0
2,3,GENE_09703,GENE_11978,0.906410569463204,0.999411404132843,1.8122876294112744,-17.665789190956797,1.0
2,4,GENE_09703,GENE_11978,0.9216487038738675,0.9985918998718262,1.8419996340896791,-141.28351045282983,1.0
2,5,GENE_09703,GENE_11978,0.9437282382129538,0.990939736366272,1.8789060497891046,-192.7659574857351,1.0
3,0,GENE_09703,GENE_11978,0.9031106885899024,0.9978244304656982,1.8042565970796063,-76.10267061547528,1.0
3,1,GENE_09703,GENE_11978,0.9565727237356045,0.9986039400100708,1.9118100145641441,-50.02198825239195,1.0
3,2,GENE_09703,GENE_11978,0.9470383028711409,0.999411404132843,1.8935191829111724,-17.665789190956797,1.0
3,3,GENE_09703,GENE_11978,0.903595806336604,0.9999999403953552,1.807191558814701,-0.07350642038787786,1.0
3,4,GENE_09703,GENE_11978,0.9187866203162153,0.9979414343833923,1.8356818580868484,-67.0834451919,1.0
3,5,GENE_09703,GENE_11978,0.9407975889730337,0.9867527484893799,1.8691321956643565,-178.93364917009805,1.0
4,0,GENE_09703,GENE_11978,0.8683951737799099,0.9992010593414307,1.7360965513477817,-118.80005781029205,1.0
4,1,GENE_09703,GENE_11978,0.9198021318499872,0.9998115301132202,1.8394309086963248,-23.729185998278307,1.0
4,2,GENE_09703,GENE_11978,0.9106342134894877,0.9985918998718262,1.8199861628262415,-141.28351045282983,1.0
4,3,GENE_09703,GENE_11978,0.86886164363269,0.9979414343833923,1.7359346785602086,-67.0834451919,1.0
4,4,GENE_09703,GENE_11978,0.883468523733157,1.0,1.766937047466314,-0.013887533519444564,1.0
4,5,GENE_09703,GENE_11978,0.9046333922185986,0.9875062704086304,1.7979645394554946,-256.92405883004614,1.0
5,0,GENE_09703,GENE_11978,0.9165545484706014,0.9927322864532471,1.826447841032945,-153.6492494033615,1.0
5,1,GENE_09703,GENE_11978,0.9708124285980057,0.9859763383865356,1.9280105122072073,-298.53014473761243,1.0
5,2,GENE_09703,GENE_11978,0.9611360767169292,0.990939736366272,1.9135640071909161,-192.7659574857351,1.0
5,3,GENE_09703,GENE_11978,0.9170468877628951,0.9867527484893799,1.8219454247565638,-178.93364917009805,1.0
5,4,GENE_09703,GENE_11978,0.9324638347926362,0.9875062704086304,1.8532777185796416,-256.92405883004614,1.0
5,5,GENE_09703,GENE_11978,0.9548024624863802,1.0000001192092896,1.9096050387940837,0.10102980698524008,1.0
0,0,GENE_01308,GENE_11549,0.9522821496847399,1.0000001192092896,1.9045644128903583,0.09099224249153974,1.0
0,1,GENE_01308,GENE_11549,0.9586290949543876,0.9988289475440979,1.9161355849528297,-299.57882125132807,1.0
0,2,GENE_01308,GENE_11549,0.9902980662143321,0.9993154406547546,1.9799182146328589,-112.32307033697873,1.0
0,3,GENE_01308,GENE_11549,0.9614942710649442,0.9978244304656982,1.9208967444863538,-76.10267061547528,1.0
0,4,GENE_01308,GENE_11549,0.9390650897334964,0.9992010593414307,1.8773799221857617,-118.80005781029205,1.0
0,5,GENE_01308,GENE_11549,0.9482507802181567,0.9927322864532471,1.8896099453952029,-153.6492494033615,1.0
1,0,GENE_01308,GENE_11549,0.9569077641636593,0.9988289475440979,1.912694939140023,-299.57882125132807,1.0
1,1,GENE_01308,GENE_11549,0.9632855390796947,1.0000001192092896,1.9265711929919742,0.09353658071627739,1.0
1,2,GENE_01308,GENE_11549,0.9951083391728701,0.9987845420837402,1.9890071660373565,-188.21880430207423,1.0
1,3,GENE_01308,GENE_11549,0.9661646324941785,0.9986039400100708,1.9309804412012472,-50.02198825239195,1.0
1,4,GENE_01308,GENE_11549,0.9436265036769973,0.9998115301132202,1.887075162173684,-23.729185998278307,1.0
1,5,GENE_01308,GENE_11549,0.9528568127265638,0.9859763383865356,1.8923510839453659,-298.53014473761243,1.0
2,0,GENE_01308,GENE_11549,0.9319313744459893,0.9993154406547546,1.8632247865604743,-112.32307033697873,1.0
2,1,GENE_01308,GENE_11549,0.9381426821247424,0.9987845420837402,1.875145091299915,-188.21880430207423,1.0
2,2,GENE_01308,GENE_11549,0.9691348706513688,0.9999999403953552,1.938269683537798,-0.07471019371153047,1.0
2,3,GENE_01308,GENE_11549,0.9409466279002929,0.999411404132843,1.8813394185041885,-17.665789190956797,1.0
2,4,GENE_01308,GENE_11549,0.9189967700846925,0.9985918998718262,1.8366995006996374,-141.28351045282983,1.0
2,5,GENE_01308,GENE_11549,0.9279861574857257,0.990939736366272,1.8475645157361804,-192.7659574857351,1.0
3,0,GENE_01308,GENE_11549,0.9744714447876429,0.9978244304656982,1.9468228591879588,-76.10267061547528,1.0
3,1,GENE_01308,GENE_11549,0.9809662813536221,0.9986039400100708,1.9605630749303766,-50.02198825239195,1.0
3,2,GENE_01308,GENE_11549,1.0133731769242604,0.999411404132843,2.0261498865846956,-17.665789190956797,1.0
3,3,GENE_01308,GENE_11549,0.9838982194404059,0.9999999403953552,1.967796380235908,-0.07350642038787786,1.0
3,4,GENE_01308,GENE_11549,0.9609464117805693,0.9979414343833923,1.9199146523184445,-67.0834451919,1.0
3,5,GENE_01308,GENE_11549,0.9703461396668079,0.9867527484893799,1.9278378599690904,-178.93364917009805,1.0
4,0,GENE_01308,GENE_11549,0.9589517558016946,0.9992010593414307,1.9171373660560727,-118.80005781029205,1.0
4,1,GENE_01308,GENE_11549,0.9653431538892476,0.9998115301132202,1.9305043696635782,-23.729185998278307,1.0
4,2,GENE_01308,GENE_11549,0.9972339287023754,0.9985918998718262,1.9930636521819256,-141.28351045282983,1.0
4,3,GENE_01308,GENE_11549,0.9682283971575467,0.9979414343833923,1.9344636326276818,-67.0834451919,1.0
4,4,GENE_01308,GENE_11549,0.9456421260339023,1.0,1.8912842520678046,-0.013887533519444564,1.0
4,5,GENE_01308,GENE_11549,0.9548921513771601,0.9875062704086304,1.8978541384260927,-256.92405883004614,1.0
5,0,GENE_01308,GENE_11549,0.9867221779915605,0.9927322864532471,1.9662731418432502,-153.6492494033615,1.0
5,1,GENE_01308,GENE_11549,0.9932986654980557,0.9859763383865356,1.972667646630061,-298.53014473761243,1.0
5,2,GENE_01308,GENE_11549,1.0261129698580709,0.990939736366272,2.04292908569124,-192.7659574857351,1.0
5,3,GENE_01308,GENE_11549,0.9962674629422519,0.9867527484893799,1.9793371202310603,-178.93364917009805,1.0
5,4,GENE_01308,GENE_11549,0.973027112735897,0.9875062704086304,1.9338974878402007,-256.92405883004614,1.0
5,5,GENE_01308,GENE_11549,0.982545010897047,1.0000001192092896,1.9650901389225868,0.10102980698524008,1.0
0,0,GENE_02292,GENE_11549,0.9745111735713184,1.0000001192092896,1.9490224633134217,0.09099224249153974,1.0
0,1,GENE_02292,GENE_11549,0.9810062749290044,0.9988289475440979,1.9608637400504978,-299.57882125132807,1.0
0,2,GENE_02292,GENE_11549,1.0134144917149033,0.9993154406547546,2.026135241068896,-112.32307033697873,1.0
0,3,GENE_02292,GENE_11549,0.9839383325496489,0.9978244304656982,1.9657360388393712,-76.10267061547528,1.0
0,4,GENE_02292,GENE_11549,0.9609855891544387,0.9992010593414307,1.9212034078494027,-118.80005781029205,1.0
0,5,GENE_02292,GENE_11549,0.9703857002635596,0.9927322864532471,1.9337189152277385,-153.6492494033615,1.0
1,0,GENE_02292,GENE_11549,0.9922595955550527,0.9988289475440979,1.9833572030738382,-299.57882125132807,1.0
1,1,GENE_02292,GENE_11549,0.9988729898608849,1.0000001192092896,1.9977460987967093,0.09353658071627739,1.0
1,2,GENE_02292,GENE_11549,1.0318714458588687,0.9987845420837402,2.062488695400306,-188.21880430207423,1.0
1,3,GENE_02292,GENE_11549,1.001858447993851,0.9986039400100708,2.0023182414928855,-50.02198825239195,1.0
1,4,GENE_02292,GENE_11549,0.9784876745272465,0.9998115301132202,1.9567909335932594,-23.729185998278307,1.0
1,5,GENE_02292,GENE_11549,0.9880589864837085,0.9859763383865356,1.9622617680868268,-298.53014473761243,1.0
2,0,GENE_02292,GENE_11549,0.9660947974427069,0.9993154406547546,1.9315282456634315,-112.32307033697873,1.0
2,1,GENE_02292,GENE_11549,0.9725338037883474,0.9987845420837402,1.94388553366605,-188.21880430207423,1.0
2,2,GENE_02292,GENE_11549,1.0046621266648434,0.9999999403953552,2.0093241934471577,-0.07471019371153047,1.0
2,3,GENE_02292,GENE_11549,0.9754405386621263,0.999411404132843,1.9503069370545387,-17.665789190956797,1.0
2,4,GENE_02292,GENE_11549,0.9526860268796842,0.9985918998718262,1.9040305764428096,-141.28351045282983,1.0
2,5,GENE_02292,GENE_11549,0.9620049538291047,0.990939736366272,1.9152938891595652,-192.7659574857351,1.0
3,0,GENE_02292,GENE_11549,1.0524383050938375,0.9978244304656982,2.1025869574743807,-76.10267061547528,1.0
3,1,GENE_02292,GENE_11549,1.0594527895345285,0.9986039400100708,2.117426519418369,-50.02198825239195,1.0
3,2,GENE_02292,GENE_11549,1.0944525408665422,0.999411404132843,2.188260891490731,-17.665789190956797,1.0
3,3,GENE_02292,GENE_11549,1.062619310182414,0.9999999403953552,2.125238557027781,-0.07350642038787786,1.0
3,4,GENE_02292,GENE_11549,1.0378311425233584,0.9979414343833923,2.0735258415408735,-67.0834451919,1.0
3,5,GENE_02292,GENE_11549,1.0479829368502738,0.9867527484893799,2.082082980157254,-178.93364917009805,1.0
4,0,GENE_02292,GENE_11549,0.9609264190350062,0.9992010593414307,1.9210851148839518,-118.80005781029205,1.0
4,1,GENE_02292,GENE_11549,0.96733097822137,0.9998115301132202,1.934479643682796,-23.729185998278307,1.0
4,2,GENE_02292,GENE_11549,0.9992874221780437,0.9985918998718262,1.9971677476088359,-141.28351045282983,1.0
4,3,GENE_02292,GENE_11549,0.9702221627518511,0.9979414343833923,1.9384470595189907,-67.0834451919,1.0
4,4,GENE_02292,GENE_11549,0.9475893822194741,1.0,1.8951787644389482,-0.013887533519444564,1.0
4,5,GENE_02292,GENE_11549,0.9568584551163153,0.9875062704086304,1.9017621794371917,-256.92405883004614,1.0
5,0,GENE_02292,GENE_11549,1.0237917800423793,0.9927322864532471,2.0401429346958904,-153.6492494033615,1.0
5,1,GENE_02292,GENE_11549,1.0306153358525934,0.9859763383865356,2.046777670981543,-298.53014473761243,1.0
5,2,GENE_02292,GENE_11549,1.064662422074952,0.990939736366272,2.1196787219249815,-192.7659574857351,1.0
5,3,GENE_02292,GENE_11549,1.0336956663526795,0.9867527484893799,2.053697706227747,-178.93364917009805,1.0
5,4,GENE_02292,GENE_11549,1.0095822127005047,0.9875062704086304,2.0065509782352726,-256.92405883004614,1.0
5,5,GENE_02292,GENE_11549,1.0194576833426061,1.0000001192092896,2.0389154882140383,0.10102980698524008,1.0
0,0,GENE_02924,GENE_19454,0.9207293753777508,1.0000001192092896,1.8414588605149962,0.09099224249153974,1.0
0,1,GENE_02924,GENE_19454,0.9468362596662835,0.9988289475440979,1.8925637244053477,-299.57882125132807,1.0
0,2,GENE_02924,GENE_19454,0.9306765286934979,0.9993154406547546,1.8607159540718783,-112.32307033697873,1.0
0,3,GENE_02924,GENE_19454,0.9096792217257946,0.9978244304656982,1.8173793730508152,-76.10267061547528,1.0
0,4,GENE_02924,GENE_19454,0.9145485811225791,0.9992010593414307,1.8283664921994625,-118.80005781029205,1.0
0,5,GENE_02924,GENE_19454,0.8984174877888936,0.9927322864532471,1.7903055346311443,-153.6492494033615,1.0
1,0,GENE_02924,GENE_19454,0.923755169101763,0.9988289475440979,1.8464285724440972,-299.57882125132807,1.0
1,1,GENE_02924,GENE_19454,0.9499478484661846,1.0000001192092896,1.8998958101749774,0.09353658071627739,1.0
1,2,GENE_02924,GENE_19454,0.9337350117558536,0.9987845420837402,1.8663351078999797,-188.21880430207423,1.0
1,3,GENE_02924,GENE_19454,0.9126687013205267,0.9986039400100708,1.8240632623830793,-50.02198825239195,1.0
1,4,GENE_02924,GENE_19454,0.9175540628972098,0.9998115301132202,1.8349351944840708,-23.729185998278307,1.0
1,5,GENE_02924,GENE_19454,0.9013699579378766,0.9859763383865356,1.7900994085970898,-298.53014473761243,1.0
2,0,GENE_02924,GENE_19454,0.9536011596414058,0.9993154406547546,1.9065495226973423,-112.32307033697873,1.0
2,1,GENE_02924,GENE_19454,0.9806401091937156,0.9987845420837402,1.96008829160371,-188.21880430207423,1.0
2,2,GENE_02924,GENE_19454,0.9639034451888127,0.9999999403953552,1.9278068329245028,-0.07471019371153047,1.0
2,3,GENE_02924,GENE_19454,0.9421564945546663,0.999411404132843,1.8837584396904226,-17.665789190956797,1.0
2,4,GENE_02924,GENE_19454,0.9471996993134798,0.9985918998718262,1.8930656466089502,-141.28351045282983,1.0
2,5,GENE_02924,GENE_19454,0.9304926953656856,0.990939736366272,1.8525548816020998,-192.7659574857351,1.0
3,0,GENE_02924,GENE_19454,0.8970132369221894,0.9978244304656982,1.7920749591742655,-76.10267061547528,1.0
3,1,GENE_02924,GENE_19454,0.9224476603346082,0.9986039400100708,1.8436075283978195,-50.02198825239195,1.0
3,2,GENE_02924,GENE_19454,0.9067041715578511,0.999411404132843,1.8128746607875892,-17.665789190956797,1.0
3,3,GENE_02924,GENE_19454,0.8862477130224418,0.9999999403953552,1.7724953732204034,-0.07350642038787786,1.0
3,4,GENE_02924,GENE_19454,0.8909916475063991,0.9979414343833923,1.780149130242557,-67.0834451919,1.0
3,5,GENE_02924,GENE_19454,0.875276058720708,0.9867527484893799,1.7389571153503185,-178.93364917009805,1.0
4,0,GENE_02924,GENE_19454,0.9029907909746048,0.9992010593414307,1.8052601458919864,-118.80005781029205,1.0
4,1,GENE_02924,GENE_19454,0.928594705353803,0.9998115301132202,1.8570143985686236,-23.729185998278307,1.0
4,2,GENE_02924,GENE_19454,0.9127463044628618,0.9985918998718262,1.8242073707374191,-141.28351045282983,1.0
4,3,GENE_02924,GENE_19454,0.8921535273297069,0.9979414343833923,1.7824704980833175,-67.0834451919,1.0
4,4,GENE_02924,GENE_19454,0.8969290746412478,1.0,1.7938581492824957,-0.013887533519444564,1.0
4,5,GENE_02924,GENE_19454,0.8811087596624912,0.9875062704086304,1.7512091847411722,-256.92405883004614,1.0
5,0,GENE_02924,GENE_19454,0.9816196278421445,0.9927322864532471,1.9561051254172621,-153.6492494033615,1.0
5,1,GENE_02924,GENE_19454,1.0094530289747121,0.9859763383865356,2.0047498302563964,-298.53014473761243,1.0
5,2,GENE_02924,GENE_19454,0.9922246125390717,0.990939736366272,1.9754594085046657,-192.7659574857351,1.0
5,3,GENE_02924,GENE_19454,0.9698386984990555,0.9867527484893799,1.9268296998343615,-178.93364917009805,1.0
5,4,GENE_02924,GENE_19454,0.9750300814251625,0.9875062704086304,1.9378784006695478,-256.92405883004614,1.0
5,5,GENE_02924,GENE_19454,0.9578321965109305,1.0000001192092896,1.9156645072043568,0.10102980698524008,1.0
0,0,GENE_04893,GENE_12278,0.8870709541307541,1.0000001192092896,1.7741420140086064,0.09099224249153974,1.0
0,1,GENE_04893,GENE_12278,0.8720206368186452,0.9988289475440979,1.7430200917289465,-299.57882125132807,1.0
0,2,GENE_04893,GENE_12278,0.8940241504232643,0.9993154406547546,1.7874362882594814,-112.32307033697873,1.0
0,3,GENE_04893,GENE_12278,0.8571023944784315,0.9978244304656982,1.7123401030996586,-76.10267061547528,1.0
0,4,GENE_04893,GENE_12278,0.8760889853826584,0.9992010593414307,1.75147802765437,-118.80005781029205,1.0
0,5,GENE_04893,GENE_12278,0.945499065852909,0.9927322864532471,1.8841265153364766,-153.6492494033615,1.0
1,0,GENE_04893,GENE_12278,0.8970353379997414,0.9988289475440979,1.7930202005638873,-299.57882125132807,1.0
1,1,GENE_04893,GENE_12278,0.8818159619011291,1.0000001192092896,1.7636320289229126,0.09353658071627739,1.0
1,2,GENE_04893,GENE_12278,0.9040666388865375,0.9987845420837402,1.807034422820014,-188.21880430207423,1.0
1,3,GENE_04893,GENE_12278,0.8667301443600408,0.9986039400100708,1.732250281443475,-50.02198825239195,1.0
1,4,GENE_04893,GENE_12278,0.8859300098385868,0.9998115301132202,1.7716930485485245,-23.729185998278307,1.0
1,5,GENE_04893,GENE_12278,0.9561197671576421,0.9859763383865356,1.8988312342387212,-298.53014473761243,1.0
2,0,GENE_04893,GENE_12278,0.8863317278711023,0.9993154406547546,1.7720567090749029,-112.32307033697873,1.0
2,1,GENE_04893,GENE_12278,0.8712939524979685,0.9987845420837402,1.741528883863984,-188.21880430207423,1.0
2,2,GENE_04893,GENE_12278,0.8932791298297276,0.9999999403953552,1.7865582064158698,-0.07471019371153047,1.0
2,3,GENE_04893,GENE_12278,0.8563881420341841,0.999411404132843,1.7122722175472846,-17.665789190956797,1.0
2,4,GENE_04893,GENE_12278,0.8753589107693811,0.9985918998718262,1.7494852285443097,-141.28351045282983,1.0
2,5,GENE_04893,GENE_12278,0.9447111494695577,0.990939736366272,1.880862966867199,-192.7659574857351,1.0
3,0,GENE_04893,GENE_12278,0.9486069776345801,0.9978244304656982,1.8951501948285925,-76.10267061547528,1.0
3,1,GENE_04893,GENE_12278,0.9325126213134773,0.9986039400100708,1.863723399066235,-50.02198825239195,1.0
3,2,GENE_04893,GENE_12278,0.9560425164595454,0.999411404132843,1.9115223102450765,-17.665789190956797,1.0
3,3,GENE_04893,GENE_12278,0.916559501991881,0.9999999403953552,1.8331189493525584,-0.07350642038787786,1.0
3,4,GENE_04893,GENE_12278,0.9368631908111048,0.9979414343833923,1.8717977872701406,-67.0834451919,1.0
3,5,GENE_04893,GENE_12278,1.0110882416321827,0.9867527484893799,2.008782343028033,-178.93364917009805,1.0
4,0,GENE_04893,GENE_12278,0.8481300309512051,0.9992010593414307,1.6955824563369295,-118.80005781029205,1.0
4,1,GENE_04893,GENE_12278,0.8337403972603439,0.9998115301132202,1.6673236595624124,-23.729185998278307,1.0
4,2,GENE_04893,GENE_12278,0.854777993619034,0.9985918998718262,1.7083523742356927,-141.28351045282983,1.0
4,3,GENE_04893,GENE_12278,0.8194770406722102,0.9979414343833923,1.6372671340848932,-67.0834451919,1.0
4,4,GENE_04893,GENE_12278,0.8376301521637698,1.0,1.6752603043275396,-0.013887533519444564,1.0
4,5,GENE_04893,GENE_12278,0.9039932468220151,0.9875062704086304,1.7966922464658117,-256.92405883004614,1.0
5,0,GENE_04893,GENE_12278,0.9269179850039364,0.9927322864532471,1.8470993956115307,-153.6492494033615,1.0
5,1,GENE_04893,GENE_12278,0.911191610770119,0.9859763383865356,1.8096049787257704,-298.53014473761243,1.0
5,2,GENE_04893,GENE_12278,0.9341835173345561,0.990939736366272,1.8599030857197778,-192.7659574857351,1.0
5,3,GENE_04893,GENE_12278,0.8956032442866945,0.9867527484893799,1.7793422071425957,-178.93364917009805,1.0
5,4,GENE_04893,GENE_12278,0.9154427086509465,0.9875062704086304,1.819448123643617,-256.92405883004614,1.0
5,5,GENE_04893,GENE_12278,0.9879706745694002,1.0000001192092896,1.9759414669140827,0.10102980698524008,1.0
0,0,GENE_00325,GENE_08075,0.915760774209324,1.0000001192092896,1.8315216575858393,0.09099224249153974,1.0
0,1,GENE_00325,GENE_08075,0.9340803466989984,0.9988289475440979,1.867066836313985,-299.57882125132807,1.0
0,2,GENE_00325,GENE_08075,0.8999517201963737,0.9993154406547546,1.7992873700324175,-112.32307033697873,1.0
0,3,GENE_00325,GENE_08075,0.9885137150853243,0.9978244304656982,1.9748768498478695,-76.10267061547528,1.0
0,4,GENE_00325,GENE_08075,0.9085489082245194,0.9992010593414307,1.8163719397859595,-118.80005781029205,1.0
0,5,GENE_00325,GENE_08075,0.9198520822950443,0.9927322864532471,1.8330189431505841,-153.6492494033615,1.0
1,0,GENE_00325,GENE_08075,0.9361668778146242,0.9988289475440979,1.8712374551078492,-299.57882125132807,1.0
1,1,GENE_00325,GENE_08075,0.9548946694645392,1.0000001192092896,1.9097894527613934,0.09353658071627739,1.0
1,2,GENE_00325,GENE_08075,0.92000554709014,0.9987845420837402,1.8388928661550665,-188.21880430207423,1.0
1,3,GENE_00325,GENE_08075,1.0105409888596435,0.9986039400100708,2.0196712018765566,-50.02198825239195,1.0
1,4,GENE_00325,GENE_08075,0.9287943081956193,0.9998115301132202,1.8574135666331313,-23.729185998278307,1.0
1,5,GENE_00325,GENE_08075,0.9403493534399788,0.9859763383865356,1.8675115657488754,-298.53014473761243,1.0
2,0,GENE_00325,GENE_08075,0.948632980247331,0.9993154406547546,1.8966165649228257,-112.32307033697873,1.0
2,1,GENE_00325,GENE_08075,0.967610153257107,0.9987845420837402,1.9340442170935843,-188.21880430207423,1.0
2,2,GENE_00325,GENE_08075,0.9322564434425693,0.9999999403953552,1.8645128313183243,-0.07471019371153047,1.0
2,3,GENE_00325,GENE_08075,1.0239974652402013,0.999411404132843,2.047392209804383,-17.665789190956797,1.0
2,4,GENE_00325,GENE_08075,0.9411622366699852,0.9985918998718262,1.880999222673883,-141.28351045282983,1.0
2,5,GENE_00325,GENE_08075,0.9528711501840351,0.990939736366272,1.8971090365384293,-192.7659574857351,1.0
3,0,GENE_00325,GENE_08075,0.9300095333766771,0.9978244304656982,1.8579957663459297,-76.10267061547528,1.0
3,1,GENE_00325,GENE_08075,0.9486141488424275,0.9986039400100708,1.8959039754257752,-50.02198825239195,1.0
3,2,GENE_00325,GENE_08075,0.9139544987434184,0.999411404132843,1.827371047646107,-17.665789190956797,1.0
3,3,GENE_00325,GENE_08075,1.003894471999746,0.9999999403953552,2.0077888841627187,-0.07350642038787786,1.0
3,4,GENE_00325,GENE_08075,0.9226854545253044,0.9979414343833923,1.843471500498979,-67.0834451919,1.0
3,5,GENE_00325,GENE_08075,0.934164500078528,0.9867527484893799,1.855953888072223,-178.93364917009805,1.0
4,0,GENE_00325,GENE_08075,0.9233740579519966,0.9992010593414307,1.8460103948260271,-118.80005781029205,1.0
4,1,GENE_00325,GENE_08075,0.9418459323389965,0.9998115301132202,1.883514355081761,-23.729185998278307,1.0
4,2,GENE_00325,GENE_08075,0.907433573529169,0.9985918998718262,1.8135893897271422,-141.28351045282983,1.0
4,3,GENE_00325,GENE_08075,0.9967318388665769,0.9979414343833923,1.991411839840685,-67.0834451919,1.0
4,4,GENE_00325,GENE_08075,0.9161022352802461,1.0,1.8322044705604923,-0.013887533519444564,1.0
4,5,GENE_00325,GENE_08075,0.9274993796035,0.9875062704086304,1.8434108327620709,-256.92405883004614,1.0
5,0,GENE_00325,GENE_08075,0.9199167499865494,0.9927322864532471,1.8331478085473365,-153.6492494033615,1.0
5,1,GENE_00325,GENE_08075,0.9383194617650646,0.9859763383865356,1.863480248913008,-298.53014473761243,1.0
5,2,GENE_00325,GENE_08075,0.9040359501122464,0.990939736366272,1.799881096182108,-192.7659574857351,1.0
5,3,GENE_00325,GENE_08075,0.9929998638384162,0.9867527484893799,1.9728452087305535,-178.93364917009805,1.0
5,4,GENE_00325,GENE_08075,0.9126721545584386,0.9875062704086304,1.8139416300122515,-256.92405883004614,1.0
5,5,GENE_00325,GENE_08075,0.9240266255603956,1.0000001192092896,1.8480533612733487,0.10102980698524008,1.0
0,0,GENE_11190,GENE_03580,0.8313563378499679,1.0000001192092896,1.662712774805334,0.09099224249153974,1.0
0,1,GENE_11190,GENE_03580,0.8322439685192619,0.9988289475440979,1.6635133356952796,-299.57882125132807,1.0
0,2,GENE_11190,GENE_03580,0.8625334141462527,0.9993154406547546,1.7244763729832653,-112.32307033697873,1.0
0,3,GENE_11190,GENE_03580,0.8129052235928368,0.9978244304656982,1.6240419153469503,-76.10267061547528,1.0
0,4,GENE_11190,GENE_03580,0.7759347403956262,0.9992010593414307,1.5512495549787537,-118.80005781029205,1.0
0,5,GENE_11190,GENE_03580,0.8523508892620217,0.9927322864532471,1.698507136419567,-153.6492494033615,1.0
1,0,GENE_11190,GENE_03580,0.8620932139148808,0.9988289475440979,1.72317687145439,-299.57882125132807,1.0
1,1,GENE_11190,GENE_03580,0.8630136620327602,1.0000001192092896,1.726027426944766,0.09353658071627739,1.0
1,2,GENE_11190,GENE_03580,0.8944229679337696,0.9987845420837402,1.7877588023906796,-188.21880430207423,1.0
1,3,GENE_11190,GENE_03580,0.8429599257374213,0.9986039400100708,1.684743028849407,-50.02198825239195,1.0
1,4,GENE_11190,GENE_03580,0.8046225711899166,0.9998115301132202,1.6090934952549407,-23.729185998278307,1.0
1,5,GENE_11190,GENE_03580,0.8838639751125721,0.9859763383865356,1.755332940925834,-298.53014473761243,1.0
2,0,GENE_11190,GENE_03580,0.8553213062778613,0.9993154406547546,1.7100570943623226,-112.32307033697873,1.0
2,1,GENE_11190,GENE_03580,0.8562345240991344,0.9987845420837402,1.7114283311677776,-188.21880430207423,1.0
2,2,GENE_11190,GENE_03580,0.8873971038746259,0.9999999403953552,1.7747941548562627,-0.07471019371153047,1.0
2,3,GENE_11190,GENE_03580,0.8363383137508476,0.999411404132843,1.6721843622266763,-17.665789190956797,1.0
2,4,GENE_11190,GENE_03580,0.7983021064805199,0.9985918998718262,1.595480123662583,-141.28351045282983,1.0
2,5,GENE_11190,GENE_03580,0.8769210539683832,0.990939736366272,1.745896972001846,-192.7659574857351,1.0
3,0,GENE_11190,GENE_03580,0.8855634992752023,0.9978244304656982,1.7692003935806917,-76.10267061547528,1.0
3,1,GENE_11190,GENE_03580,0.8865090063770028,0.9986039400100708,1.7717803929994909,-50.02198825239195,1.0
3,2,GENE_11190,GENE_03580,0.9187734232573909,0.999411404132843,1.8370060602749987,-17.665789190956797,1.0
3,3,GENE_11190,GENE_03580,0.8659093118189201,0.9999999403953552,1.7318185720256232,-0.07350642038787786,1.0
3,4,GENE_11190,GENE_03580,0.8265282317940928,0.9979414343833923,1.6513550009890587,-67.0834451919,1.0
3,5,GENE_11190,GENE_03580,0.9079269643355081,0.9867527484893799,1.8038263918211899,-178.93364917009805,1.0
4,0,GENE_11190,GENE_03580,0.7755735976266371,0.9992010593414307,1.5505275579724174,-118.80005781029205,1.0
4,1,GENE_11190,GENE_03580,0.7764016696340371,0.9998115301132202,1.5526570109333027,-23.729185998278307,1.0
4,2,GENE_11190,GENE_03580,0.8046587397320355,0.9985918998718262,1.6081844393895182,-141.28351045282983,1.0
4,3,GENE_11190,GENE_03580,0.7583605249487625,0.9979414343833923,1.515159914995873,-67.0834451919,1.0
4,4,GENE_11190,GENE_03580,0.723870704695019,1.0,1.447741409390038,-0.013887533519444564,1.0
4,5,GENE_11190,GENE_03580,0.7951594467118973,0.9875062704086304,1.580384386314553,-256.92405883004614,1.0
5,0,GENE_11190,GENE_03580,0.8228080543135982,0.9927322864532471,1.639636175384484,-153.6492494033615,1.0
5,1,GENE_11190,GENE_03580,0.8236865580678845,0.9859763383865356,1.6358220145698659,-298.53014473761243,1.0
5,2,GENE_11190,GENE_03580,0.853664557498352,0.990939736366272,1.6995946890509992,-192.7659574857351,1.0
5,3,GENE_11190,GENE_03580,0.8045466605758774,0.9867527484893799,1.5984352891870768,-178.93364917009805,1.0
5,4,GENE_11190,GENE_03580,0.7679563202349343,0.9875062704086304,1.52631800186687,-256.92405883004614,1.0
5,5,GENE_11190,GENE_03580,0.8435867327359143,1.0000001192092896,1.6871735660352039,0.10102980698524008,1.0
0,0,GENE_09779,GENE_08767,0.9578491436997104,1.0000001192092896,1.9156984015839367,0.09099224249153974,1.0
0,1,GENE_09779,GENE_08767,0.9364318364795216,0.9988289475440979,1.871767062157149,-299.57882125132807,1.0
0,2,GENE_09779,GENE_08767,0.9947478681086188,0.9993154406547546,1.988814772267961,-112.32307033697873,1.0
0,3,GENE_09779,GENE_08767,0.9327470156575488,0.9978244304656982,1.863464775324622,-76.10267061547528,1.0
0,4,GENE_09779,GENE_08767,0.9322969155656933,0.9992010593414307,1.8638489812196823,-118.80005781029205,1.0
0,5,GENE_09779,GENE_08767,0.8941937238210237,0.9927322864532471,1.781888703802012,-153.6492494033615,1.0
1,0,GENE_09779,GENE_08767,0.9724225095754608,0.9988289475440979,1.9437062613829088,-299.57882125132807,1.0
1,1,GENE_09779,GENE_08767,0.9506793449316409,1.0000001192092896,1.901358803193091,0.09353658071627739,1.0
1,2,GENE_09779,GENE_08767,1.0098826361787507,0.9987845420837402,2.018537802512865,-188.21880430207423,1.0
1,3,GENE_09779,GENE_08767,0.946938460748983,0.9986039400100708,1.8925549385999894,-50.02198825239195,1.0
1,4,GENE_09779,GENE_08767,0.9464815125293586,0.9998115301132202,1.8927846417952117,-23.729185998278307,1.0
1,5,GENE_09779,GENE_08767,0.9077985930081583,0.9859763383865356,1.8028665257347913,-298.53014473761243,1.0
2,0,GENE_09779,GENE_08767,0.9710537125460189,0.9993154406547546,1.9414426811983791,-112.32307033697873,1.0
2,1,GENE_09779,GENE_08767,0.9493411539184955,0.9987845420837402,1.8975284236162295,-188.21880430207423,1.0
2,2,GENE_09779,GENE_08767,1.0084611096932214,0.9999999403953552,2.0169221592774766,-0.07471019371153047,1.0
2,3,GENE_09779,GENE_08767,0.9456055354625217,0.999411404132843,1.8906544914149093,-17.665789190956797,1.0
2,4,GENE_09779,GENE_08767,0.9451492304503091,0.9985918998718262,1.8889675961480776,-141.28351045282983,1.0
2,5,GENE_09779,GENE_08767,0.9065207616075015,0.990939736366272,1.804828206125391,-192.7659574857351,1.0
3,0,GENE_09779,GENE_08767,1.0552222217748786,0.9978244304656982,2.1081487342321457,-76.10267061547528,1.0
3,1,GENE_09779,GENE_08767,1.0316276728232243,0.9986039400100708,2.0618151315279163,-50.02198825239195,1.0
3,2,GENE_09779,GENE_08767,1.0958719986291279,0.999411404132843,2.1910989715289295,-17.665789190956797,1.0
3,3,GENE_09779,GENE_08767,1.0275682602944562,0.9999999403953552,2.0551364593410715,-0.07350642038787786,1.0
3,4,GENE_09779,GENE_08767,1.0270724039040497,0.9979414343833923,2.052030511871656,-67.0834451919,1.0
3,5,GENE_09779,GENE_08767,0.9850957159109668,0.9867527484893799,1.9571416211112267,-178.93364917009805,1.0
4,0,GENE_09779,GENE_08767,0.9410298497576899,0.9992010593414307,1.881307872507481,-118.80005781029205,1.0
4,1,GENE_09779,GENE_08767,0.9199886184446021,0.9998115301132202,1.8398038467384472,-23.729185998278307,1.0
4,2,GENE_09779,GENE_08767,0.9772806532533719,0.9985918998718262,1.9531851974936358,-141.28351045282983,1.0
4,3,GENE_09779,GENE_08767,0.916368501010356,0.9979414343833923,1.8308505973323899,-67.0834451919,1.0
4,4,GENE_09779,GENE_08767,0.9159263044237633,1.0,1.8318526088475267,-0.013887533519444564,1.0
4,5,GENE_09779,GENE_08767,0.8784921833634475,0.9875062704086304,1.7460087229398202,-256.92405883004614,1.0
5,0,GENE_09779,GENE_08767,0.9359061596578031,0.9927322864532471,1.8650104214405716,-153.6492494033615,1.0
5,1,GENE_09779,GENE_08767,0.9149794929874798,0.9859763383865356,1.8171276231820441,-298.53014473761243,1.0
5,2,GENE_09779,GENE_08767,0.9719595859044725,0.990939736366272,1.9351129617193215,-192.7659574857351,1.0
5,3,GENE_09779,GENE_08767,0.9113790862562078,0.9867527484893799,1.8106849045352604,-178.93364917009805,1.0
5,4,GENE_09779,GENE_08767,0.9109392973278563,0.9875062704086304,1.810497565400746,-256.92405883004614,1.0
5,5,GENE_09779,GENE_08767,0.8737089964072778,1.0000001192092896,1.7474180969687845,0.10102980698524008,1.0
0,0,GENE_16987,GENE_03436,0.9951987983696162,1.0000001192092896,1.9903977153761743,0.09099224249153974,1.0
0,1,GENE_16987,GENE_03436,1.0026781795242627,0.9988289475440979,2.004182170303914,-299.57882125132807,1.0
0,2,GENE_16987,GENE_03436,0.9687360066127978,0.9993154406547546,1.9368088559391932,-112.32307033697873,1.0
0,3,GENE_16987,GENE_03436,1.0214083921828923,0.9978244304656982,2.040594639385671,-76.10267061547528,1.0
0,4,GENE_16987,GENE_03436,0.9689346255391585,0.9992010593414307,1.9370951298104782,-118.80005781029205,1.0
0,5,GENE_16987,GENE_03436,0.9084370049821686,0.9927322864532471,1.8102717500368566,-153.6492494033615,1.0
1,0,GENE_16987,GENE_03436,0.9437827028348484,0.9988289475440979,1.8864601866177042,-299.57882125132807,1.0
1,1,GENE_16987,GENE_03436,0.9508756681531634,1.0000001192092896,1.9017514496595396,0.09353658071627739,1.0
1,2,GENE_16987,GENE_03436,0.9186870886020727,0.9987845420837402,1.8362575517097384,-188.21880430207423,1.0
1,3,GENE_16987,GENE_03436,0.968638200379481,0.9986039400100708,1.9359241237226952,-50.02198825239195,1.0
1,4,GENE_16987,GENE_03436,0.9188754460513201,0.9998115301132202,1.837577711751358,-23.729185998278307,1.0
1,5,GENE_16987,GENE_03436,0.8615033833660641,0.9859763383865356,1.710925334804948,-298.53014473761243,1.0
2,0,GENE_16987,GENE_03436,1.0091971617914652,0.9993154406547546,2.017703468234631,-112.32307033697873,1.0
2,1,GENE_16987,GENE_03436,1.0167817471482719,0.9987845420837402,2.032327638872864,-188.21880430207423,1.0
2,2,GENE_16987,GENE_03436,0.9823621471413158,0.9999999403953552,1.9647242357292847,-0.07471019371153047,1.0
2,3,GENE_16987,GENE_03436,1.0357754170419722,0.999411404132843,2.0709411809541707,-17.665789190956797,1.0
2,4,GENE_16987,GENE_03436,0.982563559820963,0.9985918998718262,1.9637435717674032,-141.28351045282983,1.0
2,5,GENE_16987,GENE_03436,0.9212149859869985,0.990939736366272,1.8340835213376137,-192.7659574857351,1.0
3,0,GENE_16987,GENE_03436,0.9473526535749138,0.9978244304656982,1.89264427557847,-76.10267061547528,1.0
3,1,GENE_16987,GENE_03436,0.9544724487309777,0.9986039400100708,1.9076123966647924,-50.02198825239195,1.0
3,2,GENE_16987,GENE_03436,0.9221621127172556,0.999411404132843,1.843781444626117,-17.665789190956797,1.0
3,3,GENE_16987,GENE_03436,0.9723021694794799,0.9999999403953552,1.9446042810052344,-0.07350642038787786,1.0
3,4,GENE_16987,GENE_03436,0.9223511826470487,0.9979414343833923,1.842803644863063,-67.0834451919,1.0
3,5,GENE_16987,GENE_03436,0.8647621045015316,0.9867527484893799,1.7180684879078783,-178.93364917009805,1.0
4,0,GENE_16987,GENE_03436,0.933724872929938,0.9992010593414307,1.8667037550949748,-118.80005781029205,1.0
4,1,GENE_16987,GENE_03436,0.940742248985514,0.9998115301132202,1.8813071963858727,-23.729185998278307,1.0
4,2,GENE_16987,GENE_03436,0.9088967009998812,0.9985918998718262,1.8165135844385876,-141.28351045282983,1.0
4,3,GENE_16987,GENE_03436,0.9583154870795316,0.9979414343833923,1.9146582188474988,-67.0834451919,1.0
4,4,GENE_16987,GENE_03436,0.9090830511362373,1.0,1.8181661022724747,-0.013887533519444564,1.0
4,5,GENE_16987,GENE_03436,0.8523223987322347,0.9875062704086304,1.6939961118900413,-256.92405883004614,1.0
5,0,GENE_16987,GENE_03436,0.9106474630946901,0.9927322864532471,1.8146766012855309,-153.6492494033615,1.0
5,1,GENE_16987,GENE_03436,0.9174914016978669,0.9859763383865356,1.8221162144450598,-298.53014473761243,1.0
5,2,GENE_16987,GENE_03436,0.8864329300594526,0.990939736366272,1.7648345440789486,-192.7659574857351,1.0
5,3,GENE_16987,GENE_03436,0.9346303096916749,0.9867527484893799,1.8568793366014156,-178.93364917009805,1.0
5,4,GENE_16987,GENE_03436,0.8866146744724375,0.9875062704086304,1.7621522249502761,-256.92405883004614,1.0
5,5,GENE_16987,GENE_03436,0.8312568858841248,1.0000001192092896,1.6625138708617924,0.10102980698524008,1.0
